CHROM,POS,REF,ALT,C0_0002,C0_0003
Chr1,3003,C,T,0/0,0/0
Chr1,3030,A,G,0/0,0/0
Chr1,3056,T,C,0/0,0/0
Chr1,3084,A,C,0/0,0/0
Chr1,3090,C,A,1/1,1/1
Chr1,3100,G,A,0/0,0/0
Chr1,3121,G,A,0/0,0/0
Chr1,3290,T,A,0/0,0/0
Chr1,3331,T,C,0/0,0/0
Chr1,3341,G,A,0/0,0/0
Chr1,3343,G,C,T,0/0,0/0
Chr1,3386,G,C,0/0,0/0
Chr1,3427,G,C,0/0,0/0
Chr1,3436,G,C,T,0/0,0/0
Chr1,3439,A,C,T,0/0,0/0
Chr1,3453,A,G,0/0,0/0
Chr1,3464,A,G,0/0,0/0
Chr1,3474,C,G,0/0,0/0
Chr1,3484,C,G,0/0,0/0
Chr1,3494,G,A,0/0,0/0
